teamID,missionTime,packetCount,mode,state,altitude,airSpeed,HS_Deployed,PC_Deployed,temperature,voltage,pressure,GPS_Time,GPS_Altitude,GPS_Latitude,GPS_Longitude,GPS_Sats,TiltX,TiltY,RotZ,CMD_Echo
2045,14:18:23,122,F,IDLE,320.5,10,P,P,21.3,101.2,3.3,14:17:15,698.2,72.3872,20.7625,12,15.62,8.05,10.1,CXON
2045,14:18:24,123,F,IDLE,310.7,10,P,P,21.7,101.2,3.3,14:17:16,688.8,72.3875,20.7636,12,16.24,10.45,9.5,CXON
2045,14:18:25,124,F,IDLE,300.2,10,P,P,21.8,101.2,3.3,14:17:17,676.5,72.3878,20.7640,12,15.24,10.45,9.5,CXON
2045,14:18:26,125,F,IDLE,290.7,10,P,P,22.3,101.2,3.3,14:17:18,669.5,72.3880,20.7644,12,15.29,10.11,8.6,CXON
2045,14:18:27,125,F,IDLE,280.3,10,P,P,22.3,101.2,3.3,14:17:19,659.7,72.3884,20.7649,12,15.35,10.27,9.6,CXON
2045,14:18:28,126,F,IDLE,270.8,10,P,P,22.6,101.3,3.3,14:17:20,649.3,72.3879,20.7655,12,15.67,10.35,9.8,CXON
2045,14:18:29,127,F,IDLE,260.7,10,P,P,22.8,101.3,3.3,14:17:20,642.5,72.3887,20.7672,12,15.72,10.57,8.0,CXON
2045,14:18:30,128,F,IDLE,252.4,10,P,P,22.9,101.3,3.3,14:17:21,632.7,72.3890,20.7670,12,13.52,10.57,5.0,CXON
2045,14:18:23,122,F,IDLE,320.5,10,P,P,21.3,101.2,3.3,14:17:15,698.2,72.3872,20.7625,12,15.62,8.05,10.1,CXON
2045,14:18:24,123,F,IDLE,310.7,10,P,P,21.7,101.2,3.3,14:17:16,688.8,72.3875,20.7636,12,16.24,10.45,9.5,CXON
2045,14:18:25,124,F,IDLE,300.2,10,P,P,21.8,101.2,3.3,14:17:17,676.5,72.3878,20.7640,12,15.24,10.45,9.5,CXON
2045,14:18:26,125,F,IDLE,290.7,10,P,P,22.3,101.2,3.3,14:17:18,669.5,72.3880,20.7644,12,15.29,10.11,8.6,CXON
2045,14:18:27,125,F,IDLE,280.3,10,P,P,22.3,101.2,3.3,14:17:19,659.7,72.3884,20.7649,12,15.35,10.27,9.6,CXON
2045,14:18:28,126,F,IDLE,270.8,10,P,P,22.6,101.3,3.3,14:17:20,649.3,72.3879,20.7655,12,15.67,10.35,9.8,CXON
2045,14:18:29,127,F,IDLE,260.7,10,P,P,22.8,101.3,3.3,14:17:20,642.5,72.3887,20.7672,12,15.72,10.57,8.0,CXON
2045,14:18:30,128,F,IDLE,252.4,10,P,P,22.9,101.3,3.3,14:17:21,632.7,72.3890,20.7670,12,13.52,10.57,5.0,CXON
2045,14:18:23,122,F,IDLE,320.5,10,P,P,21.3,101.2,3.3,14:17:15,698.2,72.3872,20.7625,12,15.62,8.05,10.1,CXON
2045,14:18:24,123,F,IDLE,310.7,10,P,P,21.7,101.2,3.3,14:17:16,688.8,72.3875,20.7636,12,16.24,10.45,9.5,CXON
2045,14:18:25,124,F,IDLE,300.2,10,P,P,21.8,101.2,3.3,14:17:17,676.5,72.3878,20.7640,12,15.24,10.45,9.5,CXON
2045,14:18:26,125,F,IDLE,290.7,10,P,P,22.3,101.2,3.3,14:17:18,669.5,72.3880,20.7644,12,15.29,10.11,8.6,CXON
2045,14:18:27,125,F,IDLE,280.3,10,P,P,22.3,101.2,3.3,14:17:19,659.7,72.3884,20.7649,12,15.35,10.27,9.6,CXON
2045,14:18:28,126,F,IDLE,270.8,10,P,P,22.6,101.3,3.3,14:17:20,649.3,72.3879,20.7655,12,15.67,10.35,9.8,CXON
2045,14:18:29,127,F,IDLE,260.7,10,P,P,22.8,101.3,3.3,14:17:20,642.5,72.3887,20.7672,12,15.72,10.57,8.0,CXON
2045,14:18:30,128,F,IDLE,252.4,10,P,P,22.9,101.3,3.3,14:17:21,632.7,72.3890,20.7670,12,13.52,10.57,5.0,CXON
2045,14:18:23,122,F,IDLE,320.5,10,P,P,21.3,101.2,3.3,14:17:15,698.2,72.3872,20.7625,12,15.62,8.05,10.1,CXON
2045,14:18:24,123,F,IDLE,310.7,10,P,P,21.7,101.2,3.3,14:17:16,688.8,72.3875,20.7636,12,16.24,10.45,9.5,CXON
2045,14:18:25,124,F,IDLE,300.2,10,P,P,21.8,101.2,3.3,14:17:17,676.5,72.3878,20.7640,12,15.24,10.45,9.5,CXON
2045,14:18:26,125,F,IDLE,290.7,10,P,P,22.3,101.2,3.3,14:17:18,669.5,72.3880,20.7644,12,15.29,10.11,8.6,CXON
2045,14:18:27,125,F,IDLE,280.3,10,P,P,22.3,101.2,3.3,14:17:19,659.7,72.3884,20.7649,12,15.35,10.27,9.6,CXON
2045,14:18:28,126,F,IDLE,270.8,10,P,P,22.6,101.3,3.3,14:17:20,649.3,72.3879,20.7655,12,15.67,10.35,9.8,CXON
2045,14:18:29,127,F,IDLE,260.7,10,P,P,22.8,101.3,3.3,14:17:20,642.5,72.3887,20.7672,12,15.72,10.57,8.0,CXON
2045,14:18:30,128,F,IDLE,252.4,10,P,P,22.9,101.3,3.3,14:17:21,632.7,72.3890,20.7670,12,13.52,10.57,5.0,CXON
2045,14:09:03,122,F,IDLE,320.5,10,P,P,21.3,101.2,3.3,07:04:05,698.2,72.3872,20.7625,12,15.62,8.05,10.1,CXON
2045,14:18:23,122,F,IDLE,320.5,10,P,P,21.3,101.2,3.3,14:17:15,698.2,72.3872,20.7625,12,15.62,8.05,10.1,CXON
2045,14:18:24,123,F,IDLE,310.7,10,P,P,21.7,101.2,3.3,14:17:16,688.8,72.3875,20.7636,12,16.24,10.45,9.5,CXON
2045,14:18:25,124,F,IDLE,300.2,10,P,P,21.8,101.2,3.3,14:17:17,676.5,72.3878,20.7640,12,15.24,10.45,9.5,CXON
2045,14:18:26,125,F,IDLE,290.7,10,P,P,22.3,101.2,3.3,14:17:18,669.5,72.3880,20.7644,12,15.29,10.11,8.6,CXON
2045,14:18:27,125,F,IDLE,280.3,10,P,P,22.3,101.2,3.3,14:17:19,659.7,72.3884,20.7649,12,15.35,10.27,9.6,CXON
2045,14:18:28,126,F,IDLE,270.8,10,P,P,22.6,101.3,3.3,14:17:20,649.3,72.3879,20.7655,12,15.67,10.35,9.8,CXON
2045,14:18:29,127,F,IDLE,260.7,10,P,P,22.8,101.3,3.3,14:17:20,642.5,72.3887,20.7672,12,15.72,10.57,8.0,CXON
2045,14:18:30,128,F,IDLE,252.4,10,P,P,22.9,101.3,3.3,14:17:21,632.7,72.3890,20.7670,12,13.52,10.57,5.0,CXON
2045,14:09:03,122,F,IDLE,320.5,10,P,P,21.3,101.2,3.3,07:04:05,698.2,72.3872,20.7625,12,15.62,8.05,10.1,CXON
2045,14:18:23,122,F,IDLE,320.5,10,P,P,21.3,101.2,3.3,14:17:15,698.2,72.3872,20.7625,12,15.62,8.05,10.1,CXON
2045,14:18:24,123,F,IDLE,310.7,10,P,P,21.7,101.2,3.3,14:17:16,688.8,72.3875,20.7636,12,16.24,10.45,9.5,CXON
2045,14:18:25,124,F,IDLE,300.2,10,P,P,21.8,101.2,3.3,14:17:17,676.5,72.3878,20.7640,12,15.24,10.45,9.5,CXON
2045,14:18:26,125,F,IDLE,290.7,10,P,P,22.3,101.2,3.3,14:17:18,669.5,72.3880,20.7644,12,15.29,10.11,8.6,CXON
2045,14:18:27,125,F,IDLE,280.3,10,P,P,22.3,101.2,3.3,14:17:19,659.7,72.3884,20.7649,12,15.35,10.27,9.6,CXON
2045,14:18:28,126,F,IDLE,270.8,10,P,P,22.6,101.3,3.3,14:17:20,649.3,72.3879,20.7655,12,15.67,10.35,9.8,CXON
2045,14:18:29,127,F,IDLE,260.7,10,P,P,22.8,101.3,3.3,14:17:20,642.5,72.3887,20.7672,12,15.72,10.57,8.0,CXON
2045,14:18:30,128,F,IDLE,252.4,10,P,P,22.9,101.3,3.3,14:17:21,632.7,72.3890,20.7670,12,13.52,10.57,5.0,CXON
2045,1:2:3,16,f,TEST,50.2,20,N,N,24.1,68.1,4.8,1:2:3,50.2,72.0234,-63.4224,15,20.01,23.03,5.32,SIMACTIVATE
2045,1:2:3,17,f,TEST,50.2,20,N,N,24.1,68.1,4.8,1:2:3,50.2,72.0234,-63.4224,15,20.01,23.03,5.32,SIMACTIVATE
2045,1:2:3,18,f,TEST,50.2,20,N,N,24.1,68.1,4.8,1:2:3,50.2,72.0234,-63.4224,15,20.01,23.03,5.32,SIMACTIVATE
2045,1:2:3,19,f,TEST,50.2,20,N,N,24.1,68.1,4.8,1:2:3,50.2,72.0234,-63.4224,15,20.01,23.03,5.32,SIMACTIVATE
2045,1:2:3,20,f,TEST,50.2,20,N,N,24.1,68.1,4.8,1:2:3,50.2,72.0234,-63.4224,15,20.01,23.03,5.32,SIMACTIVATE
2045,1:2:3,21,f,TEST,50.2,20,N,N,24.1,68.1,4.8,1:2:3,50.2,72.0234,-63.4224,15,20.01,23.03,5.32,SIMACTIVATE
2045,1:2:3,22,f,TEST,50.2,20,N,N,24.1,68.1,4.8,1:2:3,50.2,72.0234,-63.4224,15,20.01,23.03,5.32,SIMACTIVATE
2045,1:2:3,23,f,TEST,50.2,20,N,N,24.1,68.1,4.8,1:2:3,50.2,72.0234,-63.4224,15,20.01,23.03,5.32,SIMACTIVATE
2045,1:2:3,24,f,TEST,50.2,20,N,N,24.1,68.1,4.8,1:2:3,50.2,72.0234,-63.4224,15,20.01,23.03,5.32,SIMACTIVATE
2045,1:2:3,25,f,TEST,50.2,20,N,N,24.1,68.1,4.8,1:2:3,50.2,72.0234,-63.4224,15,20.01,23.03,5.32,SIMACTIVATE
2045,1:2:3,26,f,TEST,50.2,20,N,N,24.1,68.1,4.8,1:2:3,50.2,72.0234,-63.4224,15,20.01,23.03,5.32,SIMACTIVATE
2045,1:2:3,27,f,TEST,50.2,20,N,N,24.1,68.1,4.8,1:2:3,50.2,72.0234,-63.4224,15,20.01,23.03,5.32,SIMACTIVATE
2045,1:2:3,28,f,TEST,50.2,20,N,N,24.1,68.1,4.8,1:2:3,50.2,72.0234,-63.4224,15,20.01,23.03,5.32,SIMACTIVATE
2045,1:2:3,29,f,TEST,50.2,20,N,N,24.1,68.1,4.8,1:2:3,50.2,72.0234,-63.4224,15,20.01,23.03,5.32,SIMACTIVATE
2045,1:2:3,30,f,TEST,50.2,20,N,N,24.1,68.1,4.8,1:2:3,50.2,72.0234,-63.4224,15,20.01,23.03,5.32,SIMACTIVATE
2045,1:2:3,31,f,TEST,50.2,20,N,N,24.1,68.1,4.8,1:2:3,50.2,72.0234,-63.4224,15,20.01,23.03,5.32,SIMACTIVATE
2045,1:2:3,32,f,TEST,50.2,20,N,N,24.1,68.1,4.8,1:2:3,50.2,72.0234,-63.4224,15,20.01,23.03,5.32,SIMACTIVATE
2045,1:2:3,33,f,TEST,50.2,20,N,N,24.1,68.1,4.8,1:2:3,50.2,72.0234,-63.4224,15,20.01,23.03,5.32,SIMACTIVATE
2045,1:2:3,34,f,TEST,50.2,20,N,N,24.1,68.1,4.8,1:2:3,50.2,72.0234,-63.4224,15,20.01,23.03,5.32,SIMACTIVATE
2045,1:2:3,35,f,TEST,50.2,20,N,N,24.1,68.1,4.8,1:2:3,50.2,72.0234,-63.4224,15,20.01,23.03,5.32,SIMACTIVATE
2045,1:2:3,36,f,TEST,50.2,20,N,N,24.1,68.1,4.8,1:2:3,50.2,72.0234,-63.4224,15,20.01,23.03,5.32,SIMACTIVATE
2045,1:2:3,37,f,TEST,50.2,20,N,N,24.1,68.1,4.8,1:2:3,50.2,72.0234,-63.4224,15,20.01,23.03,5.32,SIMACTIVATE
2045,1:2:3,38,f,TEST,50.2,20,N,N,24.1,68.1,4.8,1:2:3,50.2,72.0234,-63.4224,15,20.01,23.03,5.32,SIMACTIVATE
2045,1:2:3,39,f,TEST,50.2,20,N,N,24.1,68.1,4.8,1:2:3,50.2,72.0234,-63.4224,15,20.01,23.03,5.32,SIMACTIVATE
2045,1:2:3,40,f,TEST,50.2,20,N,N,24.1,68.1,4.8,1:2:3,50.2,72.0234,-63.4224,15,20.01,23.03,5.32,SIMACTIVATE
2045,1:2:3,41,f,TEST,50.2,20,N,N,24.1,68.1,4.8,1:2:3,50.2,72.0234,-63.4224,15,20.01,23.03,5.32,SIMACTIVATE
2045,1:2:3,42,f,TEST,50.2,20,N,N,24.1,68.1,4.8,1:2:3,50.2,72.0234,-63.4224,15,20.01,23.03,5.32,SIMACTIVATE
2045,1:2:3,43,f,TEST,50.2,20,N,N,24.1,68.1,4.8,1:2:3,50.2,72.0234,-63.4224,15,20.01,23.03,5.32,SIMACTIVATE
2045,1:2:3,44,f,TEST,50.2,20,N,N,24.1,68.1,4.8,1:2:3,50.2,72.0234,-63.4224,15,20.01,23.03,5.32,SIMACTIVATE
2045,1:2:3,45,f,TEST,50.2,20,N,N,24.1,68.1,4.8,1:2:3,50.2,72.0234,-63.4224,15,20.01,23.03,5.32,SIMACTIVATE
2045,1:2:3,46,f,TEST,50.2,20,N,N,24.1,68.1,4.8,1:2:3,50.2,72.0234,-63.4224,15,20.01,23.03,5.32,SIMACTIVATE
2045,1:2:3,47,f,TEST,50.2,20,N,N,24.1,68.1,4.8,1:2:3,50.2,72.0234,-63.4224,15,20.01,23.03,5.32,SIMACTIVATE
2045,1:2:3,48,f,TEST,50.2,20,N,N,24.1,68.1,4.8,1:2:3,50.2,72.0234,-63.4224,15,20.01,23.03,5.32,SIMACTIVATE
2045,1:2:3,49,f,TEST,50.2,20,N,N,24.1,68.1,4.8,1:2:3,50.2,72.0234,-63.4224,15,20.01,23.03,5.32,SIMACTIVATE
2045,1:2:3,50,f,TEST,50.2,20,N,N,24.1,68.1,4.8,1:2:3,50.2,72.0234,-63.4224,15,20.01,23.03,5.32,SIMACTIVATE
2045,1:2:3,51,f,TEST,50.2,20,N,N,24.1,68.1,4.8,1:2:3,50.2,72.0234,-63.4224,15,20.01,23.03,5.32,SIMACTIVATE
2045,1:2:3,52,f,TEST,50.2,20,N,N,24.1,68.1,4.8,1:2:3,50.2,72.0234,-63.4224,15,20.01,23.03,5.32,SIMACTIVATE
2045,1:2:3,53,f,TEST,50.2,20,N,N,24.1,68.1,4.8,1:2:3,50.2,72.0234,-63.4224,15,20.01,23.03,5.32,SIMACTIVATE
2045,1:2:3,54,f,TEST,50.2,20,N,N,24.1,68.1,4.8,1:2:3,50.2,72.0234,-63.4224,15,20.01,23.03,5.32,SIMACTIVATE
2045,1:2:3,55,f,TEST,50.2,20,N,N,24.1,68.1,4.8,1:2:3,50.2,72.0234,-63.4224,15,20.01,23.03,5.32,SIMACTIVATE
2045,1:2:3,56,f,TEST,50.2,20,N,N,24.1,68.1,4.8,1:2:3,50.2,72.0234,-63.4224,15,20.01,23.03,5.32,SIMACTIVATE
2045,1:2:3,57,f,TEST,50.2,20,N,N,24.1,68.1,4.8,1:2:3,50.2,72.0234,-63.4224,15,20.01,23.03,5.32,SIMACTIVATE
2045,1:2:3,58,f,TEST,50.2,20,N,N,24.1,68.1,4.8,1:2:3,50.2,72.0234,-63.4224,15,20.01,23.03,5.32,SIMACTIVATE
2045,1:2:3,59,f,TEST,50.2,20,N,N,24.1,68.1,4.8,1:2:3,50.2,72.0234,-63.4224,15,20.01,23.03,5.32,SIMACTIVATE
2045,1:2:3,60,f,TEST,50.2,20,N,N,24.1,68.1,4.8,1:2:3,50.2,72.0234,-63.4224,15,20.01,23.03,5.32,SIMACTIVATE
2045,1:2:3,61,f,TEST,50.2,20,N,N,24.1,68.1,4.8,1:2:3,50.2,72.0234,-63.4224,15,20.01,23.03,5.32,SIMACTIVATE
2045,1:2:3,568,f,TEST,50.2,20,N,N,24.1,68.1,4.8,1:2:3,50.2,72.0234,-63.4224,15,20.01,23.03,5.32,SIMACTIVATE
2045,1:2:3,569,f,TEST,50.2,20,N,N,24.1,68.1,4.8,1:2:3,50.2,72.0234,-63.4224,15,20.01,23.03,5.32,SIMACTIVATE
2045,1:2:3,570,f,TEST,50.2,20,N,N,24.1,68.1,4.8,1:2:3,50.2,72.0234,-63.4224,15,20.01,23.03,5.32,SIMACTIVATE
2045,1:2:3,571,f,TEST,50.2,20,N,N,24.1,68.1,4.8,1:2:3,50.2,72.0234,-63.4224,15,20.01,23.03,5.32,SIMACTIVATE
2045,1:2:3,572,f,TEST,50.2,20,N,N,24.1,68.1,4.8,1:2:3,50.2,72.0234,-63.4224,15,20.01,23.03,5.32,SIMACTIVATE
2045,1:2:3,573,f,TEST,50.2,20,N,N,24.1,68.1,4.8,1:2:3,50.2,72.0234,-63.4224,15,20.01,23.03,5.32,SIMACTIVATE
2045,1:2:3,574,f,TEST,50.2,20,N,N,24.1,68.1,4.8,1:2:3,50.2,72.0234,-63.4224,15,20.01,23.03,5.32,SIMACTIVATE
2045,1:2:3,732,f,TEST,50.2,20,N,N,24.1,68.1,4.8,1:2:3,50.2,72.0234,-63.4224,15,20.01,23.03,5.32,SIMACTIVATE
2045,1:2:3,733,f,TEST,50.2,20,N,N,24.1,68.1,4.8,1:2:3,50.2,72.0234,-63.4224,15,20.01,23.03,5.32,SIMACTIVATE
2045,1:2:3,734,f,TEST,50.2,20,N,N,24.1,68.1,4.8,1:2:3,50.2,72.0234,-63.4224,15,20.01,23.03,5.32,SIMACTIVATE
2045,1:2:3,735,f,TEST,50.2,20,N,N,24.1,68.1,4.8,1:2:3,50.2,72.0234,-63.4224,15,20.01,23.03,5.32,SIMACTIVATE
2045,1:2:3,736,f,TEST,50.2,20,N,N,24.1,68.1,4.8,1:2:3,50.2,72.0234,-63.4224,15,20.01,23.03,5.32,SIMACTIVATE
2045,1:2:3,737,f,TEST,50.2,20,N,N,24.1,68.1,4.8,1:2:3,50.2,72.0234,-63.4224,15,20.01,23.03,5.32,SIMACTIVATE
2045,1:2:3,738,f,TEST,50.2,20,N,N,24.1,68.1,4.8,1:2:3,50.2,72.0234,-63.4224,15,20.01,23.03,5.32,SIMACTIVATE
2045,1:2:3,739,f,TEST,50.2,20,N,N,24.1,68.1,4.8,1:2:3,50.2,72.0234,-63.4224,15,20.01,23.03,5.32,SIMACTIVATE
2045,1:2:3,740,f,TEST,50.2,20,N,N,24.1,68.1,4.8,1:2:3,50.2,72.0234,-63.4224,15,20.01,23.03,5.32,SIMACTIVATE
2045,1:2:3,741,f,TEST,50.2,20,N,N,24.1,68.1,4.8,1:2:3,50.2,72.0234,-63.4224,15,20.01,23.03,5.32,SIMACTIVATE
2045,1:2:3,742,f,TEST,50.2,20,N,N,24.1,68.1,4.8,1:2:3,50.2,72.0234,-63.4224,15,20.01,23.03,5.32,SIMACTIVATE
2045,1:2:3,743,f,TEST,50.2,20,N,N,24.1,68.1,4.8,1:2:3,50.2,72.0234,-63.4224,15,20.01,23.03,5.32,SIMACTIVATE
2045,1:2:3,744,f,TEST,50.2,20,N,N,24.1,68.1,4.8,1:2:3,50.2,72.0234,-63.4224,15,20.01,23.03,5.32,SIMACTIVATE
2045,1:2:3,745,f,TEST,50.2,20,N,N,24.1,68.1,4.8,1:2:3,50.2,72.0234,-63.4224,15,20.01,23.03,5.32,SIMACTIVATE
2045,1:2:3,746,f,TEST,50.2,20,N,N,24.1,68.1,4.8,1:2:3,50.2,72.0234,-63.4224,15,20.01,23.03,5.32,SIMACTIVATE
2045,1:2:3,747,f,TEST,50.2,20,N,N,24.1,68.1,4.8,1:2:3,50.2,72.0234,-63.4224,15,20.01,23.03,5.32,SIMACTIVATE
2045,1:2:3,748,f,TEST,50.2,20,N,N,24.1,68.1,4.8,1:2:3,50.2,72.0234,-63.4224,15,20.01,23.03,5.32,SIMACTIVATE
2045,1:2:3,749,f,TEST,50.2,20,N,N,24.1,68.1,4.8,1:2:3,50.2,72.0234,-63.4224,15,20.01,23.03,5.32,SIMACTIVATE
2045,1:2:3,750,f,TEST,50.2,20,N,N,24.1,68.1,4.8,1:2:3,50.2,72.0234,-63.4224,15,20.01,23.03,5.32,SIMACTIVATE
2045,1:2:3,751,f,TEST,50.2,20,N,N,24.1,68.1,4.8,1:2:3,50.2,72.0234,-63.4224,15,20.01,23.03,5.32,SIMACTIVATE
2045,1:2:3,752,f,TEST,50.2,20,N,N,24.1,68.1,4.8,1:2:3,50.2,72.0234,-63.4224,15,20.01,23.03,5.32,SIMACTIVATE
2045,1:2:3,753,f,TEST,50.2,20,N,N,24.1,68.1,4.8,1:2:3,50.2,72.0234,-63.4224,15,20.01,23.03,5.32,SIMACTIVATE
2045,1:2:3,754,f,TEST,50.2,20,N,N,24.1,68.1,4.8,1:2:3,50.2,72.0234,-63.4224,15,20.01,23.03,5.32,SIMACTIVATE
2045,1:2:3,755,f,TEST,50.2,20,N,N,24.1,68.1,4.8,1:2:3,50.2,72.0234,-63.4224,15,20.01,23.03,5.32,SIMACTIVATE
2045,1:2:3,756,f,TEST,50.2,20,N,N,24.1,68.1,4.8,1:2:3,50.2,72.0234,-63.4224,15,20.01,23.03,5.32,SIMACTIVATE
2045,1:2:3,757,f,TEST,50.2,20,N,N,24.1,68.1,4.8,1:2:3,50.2,72.0234,-63.4224,15,20.01,23.03,5.32,SIMACTIVATE
2045,1:2:3,758,f,TEST,50.2,20,N,N,24.1,68.1,4.8,1:2:3,50.2,72.0234,-63.4224,15,20.01,23.03,5.32,SIMACTIVATE
2045,1:2:3,759,f,TEST,50.2,20,N,N,24.1,68.1,4.8,1:2:3,50.2,72.0234,-63.4224,15,20.01,23.03,5.32,SIMACTIVATE
2045,1:2:3,760,f,TEST,50.2,20,N,N,24.1,68.1,4.8,1:2:3,50.2,72.0234,-63.4224,15,20.01,23.03,5.32,SIMACTIVATE
2045,1:2:3,761,f,TEST,50.2,20,N,N,24.1,68.1,4.8,1:2:3,50.2,72.0234,-63.4224,15,20.01,23.03,5.32,SIMACTIVATE
2045,1:2:3,762,f,TEST,50.2,20,N,N,24.1,68.1,4.8,1:2:3,50.2,72.0234,-63.4224,15,20.01,23.03,5.32,SIMACTIVATE
2045,1:2:3,763,f,TEST,50.2,20,N,N,24.1,68.1,4.8,1:2:3,50.2,72.0234,-63.4224,15,20.01,23.03,5.32,SIMACTIVATE
2045,1:2:3,764,f,TEST,50.2,20,N,N,24.1,68.1,4.8,1:2:3,50.2,72.0234,-63.4224,15,20.01,23.03,5.32,SIMACTIVATE
2045,1:2:3,765,f,TEST,50.2,20,N,N,24.1,68.1,4.8,1:2:3,50.2,72.0234,-63.4224,15,20.01,23.03,5.32,SIMACTIVATE
2045,1:2:3,766,f,TEST,50.2,20,N,N,24.1,68.1,4.8,1:2:3,50.2,72.0234,-63.4224,15,20.01,23.03,5.32,SIMACTIVATE
2045,1:2:3,767,f,TEST,50.2,20,N,N,24.1,68.1,4.8,1:2:3,50.2,72.0234,-63.4224,15,20.01,23.03,5.32,SIMACTIVATE
2045,1:2:3,768,f,TEST,50.2,20,N,N,24.1,68.1,4.8,1:2:3,50.2,72.0234,-63.4224,15,20.01,23.03,5.32,SIMACTIVATE
2045,1:2:3,827,f,TEST,50.2,20,N,N,24.1,68.1,4.8,1:2:3,50.2,72.0234,-63.4224,15,20.01,23.03,5.32,SIMACTIVATE
2045,1:2:3,828,f,TEST,50.2,20,N,N,24.1,68.1,4.8,1:2:3,50.2,72.0234,-63.4224,15,20.01,23.03,5.32,SIMACTIVATE
2045,1:2:3,829,f,TEST,50.2,20,N,N,24.1,68.1,4.8,1:2:3,50.2,72.0234,-63.4224,15,20.01,23.03,5.32,SIMACTIVATE
2045,1:2:3,830,f,TEST,50.2,20,N,N,24.1,68.1,4.8,1:2:3,50.2,72.0234,-63.4224,15,20.01,23.03,5.32,SIMACTIVATE
2045,1:2:3,831,f,TEST,50.2,20,N,N,24.1,68.1,4.8,1:2:3,50.2,72.0234,-63.4224,15,20.01,23.03,5.32,SIMACTIVATE
2045,1:2:3,832,f,TEST,50.2,20,N,N,24.1,68.1,4.8,1:2:3,50.2,72.0234,-63.4224,15,20.01,23.03,5.32,SIMACTIVATE
2045,1:2:3,833,f,TEST,50.2,20,N,N,24.1,68.1,4.8,1:2:3,50.2,72.0234,-63.4224,15,20.01,23.03,5.32,SIMACTIVATE
2045,1:2:3,834,f,TEST,50.2,20,N,N,24.1,68.1,4.8,1:2:3,50.2,72.0234,-63.4224,15,20.01,23.03,5.32,SIMACTIVATE
2045,1:2:3,835,f,TEST,50.2,20,N,N,24.1,68.1,4.8,1:2:3,50.2,72.0234,-63.4224,15,20.01,23.03,5.32,SIMACTIVATE
2045,1:2:3,836,f,TEST,50.2,20,N,N,24.1,68.1,4.8,1:2:3,50.2,72.0234,-63.4224,15,20.01,23.03,5.32,SIMACTIVATE
2045,1:2:3,837,f,TEST,50.2,20,N,N,24.1,68.1,4.8,1:2:3,50.2,72.0234,-63.4224,15,20.01,23.03,5.32,SIMACTIVATE
2045,1:2:3,838,f,TEST,50.2,20,N,N,24.1,68.1,4.8,1:2:3,50.2,72.0234,-63.4224,15,20.01,23.03,5.32,SIMACTIVATE
2045,1:2:3,839,f,TEST,50.2,20,N,N,24.1,68.1,4.8,1:2:3,50.2,72.0234,-63.4224,15,20.01,23.03,5.32,SIMACTIVATE
2045,1:2:3,840,f,TEST,50.2,20,N,N,24.1,68.1,4.8,1:2:3,50.2,72.0234,-63.4224,15,20.01,23.03,5.32,SIMACTIVATE
2045,1:2:3,841,f,TEST,50.2,20,N,N,24.1,68.1,4.8,1:2:3,50.2,72.0234,-63.4224,15,20.01,23.03,5.32,SIMACTIVATE
2045,1:2:3,842,f,TEST,50.2,20,N,N,24.1,68.1,4.8,1:2:3,50.2,72.0234,-63.4224,15,20.01,23.03,5.32,SIMACTIVATE
2045,1:2:3,843,f,TEST,50.2,20,N,N,24.1,68.1,4.8,1:2:3,50.2,72.0234,-63.4224,15,20.01,23.03,5.32,SIMACTIVATE
2045,1:2:3,844,f,TEST,50.2,20,N,N,24.1,68.1,4.8,1:2:3,50.2,72.0234,-63.4224,15,20.01,23.03,5.32,SIMACTIVATE
2045,1:2:3,845,f,TEST,50.2,20,N,N,24.1,68.1,4.8,1:2:3,50.2,72.0234,-63.4224,15,20.01,23.03,5.32,SIMACTIVATE
2045,1:2:3,846,f,TEST,50.2,20,N,N,24.1,68.1,4.8,1:2:3,50.2,72.0234,-63.4224,15,20.01,23.03,5.32,SIMACTIVATE
2045,1:2:3,847,f,TEST,50.2,20,N,N,24.1,68.1,4.8,1:2:3,50.2,72.0234,-63.4224,15,20.01,23.03,5.32,SIMACTIVATE
2045,1:2:3,848,f,TEST,50.2,20,N,N,24.1,68.1,4.8,1:2:3,50.2,72.0234,-63.4224,15,20.01,23.03,5.32,SIMACTIVATE
2045,1:2:3,849,f,TEST,50.2,20,N,N,24.1,68.1,4.8,1:2:3,50.2,72.0234,-63.4224,15,20.01,23.03,5.32,SIMACTIVATE
2045,1:2:3,850,f,TEST,50.2,20,N,N,24.1,68.1,4.8,1:2:3,50.2,72.0234,-63.4224,15,20.01,23.03,5.32,SIMACTIVATE
2045,1:2:3,851,f,TEST,50.2,20,N,N,24.1,68.1,4.8,1:2:3,50.2,72.0234,-63.4224,15,20.01,23.03,5.32,SIMACTIVATE
2045,1:2:3,852,f,TEST,50.2,20,N,N,24.1,68.1,4.8,1:2:3,50.2,72.0234,-63.4224,15,20.01,23.03,5.32,SIMACTIVATE
2045,1:2:3,853,f,TEST,50.2,20,N,N,24.1,68.1,4.8,1:2:3,50.2,72.0234,-63.4224,15,20.01,23.03,5.32,SIMACTIVATE
2045,1:2:3,854,f,TEST,50.2,20,N,N,24.1,68.1,4.8,1:2:3,50.2,72.0234,-63.4224,15,20.01,23.03,5.32,SIMACTIVATE
2045,1:2:3,855,f,TEST,50.2,20,N,N,24.1,68.1,4.8,1:2:3,50.2,72.0234,-63.4224,15,20.01,23.03,5.32,SIMACTIVATE
2045,1:2:3,856,f,TEST,50.2,20,N,N,24.1,68.1,4.8,1:2:3,50.2,72.0234,-63.4224,15,20.01,23.03,5.32,SIMACTIVATE
2045,1:2:3,857,f,TEST,50.2,20,N,N,24.1,68.1,4.8,1:2:3,50.2,72.0234,-63.4224,15,20.01,23.03,5.32,SIMACTIVATE
2045,1:2:3,858,f,TEST,50.2,20,N,N,24.1,68.1,4.8,1:2:3,50.2,72.0234,-63.4224,15,20.01,23.03,5.32,SIMACTIVATE
2045,1:2:3,859,f,TEST,50.2,20,N,N,24.1,68.1,4.8,1:2:3,50.2,72.0234,-63.4224,15,20.01,23.03,5.32,SIMACTIVATE
2045,1:2:3,860,f,TEST,50.2,20,N,N,24.1,68.1,4.8,1:2:3,50.2,72.0234,-63.4224,15,20.01,23.03,5.32,SIMACTIVATE
2045,1:2:3,861,f,TEST,50.2,20,N,N,24.1,68.1,4.8,1:2:3,50.2,72.0234,-63.4224,15,20.01,23.03,5.32,SIMACTIVATE
2045,1:2:3,862,f,TEST,50.2,20,N,N,24.1,68.1,4.8,1:2:3,50.2,72.0234,-63.4224,15,20.01,23.03,5.32,SIMACTIVATE
2045,1:2:3,863,f,TEST,50.2,20,N,N,24.1,68.1,4.8,1:2:3,50.2,72.0234,-63.4224,15,20.01,23.03,5.32,SIMACTIVATE
2045,1:2:3,1010,f,TEST,50.2,20,N,N,24.1,68.1,4.8,1:2:3,50.2,72.0234,-63.4224,15,20.01,23.03,5.32,SIMACTIVATE
2045,1:2:3,1011,f,TEST,50.2,20,N,N,24.1,68.1,4.8,1:2:3,50.2,72.0234,-63.4224,15,20.01,23.03,5.32,SIMACTIVATE
2045,1:2:3,1012,f,TEST,50.2,20,N,N,24.1,68.1,4.8,1:2:3,50.2,72.0234,-63.4224,15,20.01,23.03,5.32,SIMACTIVATE
2045,1:2:3,1013,f,TEST,50.2,20,N,N,24.1,68.1,4.8,1:2:3,50.2,72.0234,-63.4224,15,20.01,23.03,5.32,SIMACTIVATE
2045,1:2:3,1014,f,TEST,50.2,20,N,N,24.1,68.1,4.8,1:2:3,50.2,72.0234,-63.4224,15,20.01,23.03,5.32,SIMACTIVATE
2045,1:2:3,1015,f,TEST,50.2,20,N,N,24.1,68.1,4.8,1:2:3,50.2,72.0234,-63.4224,15,20.01,23.03,5.32,SIMACTIVATE
2045,1:2:3,1016,f,TEST,50.2,20,N,N,24.1,68.1,4.8,1:2:3,50.2,72.0234,-63.4224,15,20.01,23.03,5.32,SIMACTIVATE
2045,1:2:3,1017,f,TEST,50.2,20,N,N,24.1,68.1,4.8,1:2:3,50.2,72.0234,-63.4224,15,20.01,23.03,5.32,SIMACTIVATE
2045,1:2:3,1018,f,TEST,50.2,20,N,N,24.1,68.1,4.8,1:2:3,50.2,72.0234,-63.4224,15,20.01,23.03,5.32,SIMACTIVATE
2045,1:2:3,1019,f,TEST,50.2,20,N,N,24.1,68.1,4.8,1:2:3,50.2,72.0234,-63.4224,15,20.01,23.03,5.32,SIMACTIVATE
2045,1:2:3,1020,f,TEST,50.2,20,N,N,24.1,68.1,4.8,1:2:3,50.2,72.0234,-63.4224,15,20.01,23.03,5.32,SIMACTIVATE
2045,1:2:3,1021,f,TEST,50.2,20,N,N,24.1,68.1,4.8,1:2:3,50.2,72.0234,-63.4224,15,20.01,23.03,5.32,SIMACTIVATE
2045,1:2:3,1022,f,TEST,50.2,20,N,N,24.1,68.1,4.8,1:2:3,50.2,72.0234,-63.4224,15,20.01,23.03,5.32,SIMACTIVATE
2045,1:2:3,1023,f,TEST,50.2,20,N,N,24.1,68.1,4.8,1:2:3,50.2,72.0234,-63.4224,15,20.01,23.03,5.32,SIMACTIVATE
2045,1:2:3,1024,f,TEST,50.2,20,N,N,24.1,68.1,4.8,1:2:3,50.2,72.0234,-63.4224,15,20.01,23.03,5.32,SIMACTIVATE
2045,1:2:3,1025,f,TEST,50.2,20,N,N,24.1,68.1,4.8,1:2:3,50.2,72.0234,-63.4224,15,20.01,23.03,5.32,SIMACTIVATE
2045,1:2:3,1026,f,TEST,50.2,20,N,N,24.1,68.1,4.8,1:2:3,50.2,72.0234,-63.4224,15,20.01,23.03,5.32,SIMACTIVATE
2045,1:2:3,1027,f,TEST,50.2,20,N,N,24.1,68.1,4.8,1:2:3,50.2,72.0234,-63.4224,15,20.01,23.03,5.32,SIMACTIVATE
2045,1:2:3,1028,f,TEST,50.2,20,N,N,24.1,68.1,4.8,1:2:3,50.2,72.0234,-63.4224,15,20.01,23.03,5.32,SIMACTIVATE
2045,1:2:3,1029,f,TEST,50.2,20,N,N,24.1,68.1,4.8,1:2:3,50.2,72.0234,-63.4224,15,20.01,23.03,5.32,SIMACTIVATE
2045,1:2:3,1030,f,TEST,50.2,20,N,N,24.1,68.1,4.8,1:2:3,50.2,72.0234,-63.4224,15,20.01,23.03,5.32,SIMACTIVATE
2045,1:2:3,1031,f,TEST,50.2,20,N,N,24.1,68.1,4.8,1:2:3,50.2,72.0234,-63.4224,15,20.01,23.03,5.32,SIMACTIVATE
2045,1:2:3,1032,f,TEST,50.2,20,N,N,24.1,68.1,4.8,1:2:3,50.2,72.0234,-63.4224,15,20.01,23.03,5.32,SIMACTIVATE
2045,1:2:3,1033,f,TEST,50.2,20,N,N,24.1,68.1,4.8,1:2:3,50.2,72.0234,-63.4224,15,20.01,23.03,5.32,SIMACTIVATE
2045,1:2:3,1034,f,TEST,50.2,20,N,N,24.1,68.1,4.8,1:2:3,50.2,72.0234,-63.4224,15,20.01,23.03,5.32,SIMACTIVATE
2045,1:2:3,1035,f,TEST,50.2,20,N,N,24.1,68.1,4.8,1:2:3,50.2,72.0234,-63.4224,15,20.01,23.03,5.32,SIMACTIVATE
2045,1:2:3,1036,f,TEST,50.2,20,N,N,24.1,68.1,4.8,1:2:3,50.2,72.0234,-63.4224,15,20.01,23.03,5.32,SIMACTIVATE
2045,1:2:3,1037,f,TEST,50.2,20,N,N,24.1,68.1,4.8,1:2:3,50.2,72.0234,-63.4224,15,20.01,23.03,5.32,SIMACTIVATE
2045,1:2:3,1038,f,TEST,50.2,20,N,N,24.1,68.1,4.8,1:2:3,50.2,72.0234,-63.4224,15,20.01,23.03,5.32,SIMACTIVATE
2045,1:2:3,1039,f,TEST,50.2,20,N,N,24.1,68.1,4.8,1:2:3,50.2,72.0234,-63.4224,15,20.01,23.03,5.32,SIMACTIVATE
2045,1:2:3,1040,f,TEST,50.2,20,N,N,24.1,68.1,4.8,1:2:3,50.2,72.0234,-63.4224,15,20.01,23.03,5.32,SIMACTIVATE
2045,1:2:3,1041,f,TEST,50.2,20,N,N,24.1,68.1,4.8,1:2:3,50.2,72.0234,-63.4224,15,20.01,23.03,5.32,SIMACTIVATE
2045,1:2:3,1042,f,TEST,50.2,20,N,N,24.1,68.1,4.8,1:2:3,50.2,72.0234,-63.4224,15,20.01,23.03,5.32,SIMACTIVATE
2045,1:2:3,1043,f,TEST,50.2,20,N,N,24.1,68.1,4.8,1:2:3,50.2,72.0234,-63.4224,15,20.01,23.03,5.32,SIMACTIVATE
2045,1:2:3,1044,f,TEST,50.2,20,N,N,24.1,68.1,4.8,1:2:3,50.2,72.0234,-63.4224,15,20.01,23.03,5.32,SIMACTIVATE
2045,1:2:3,1045,f,TEST,50.2,20,N,N,24.1,68.1,4.8,1:2:3,50.2,72.0234,-63.4224,15,20.01,23.03,5.32,SIMACTIVATE
2045,1:2:3,1046,f,TEST,50.2,20,N,N,24.1,68.1,4.8,1:2:3,50.2,72.0234,-63.4224,15,20.01,23.03,5.32,SIMACTIVATE
2045,1:2:3,1047,f,TEST,50.2,20,N,N,24.1,68.1,4.8,1:2:3,50.2,72.0234,-63.4224,15,20.01,23.03,5.32,SIMACTIVATE
2045,1:2:3,1048,f,TEST,50.2,20,N,N,24.1,68.1,4.8,1:2:3,50.2,72.0234,-63.4224,15,20.01,23.03,5.32,SIMACTIVATE
2045,1:2:3,1049,f,TEST,50.2,20,N,N,24.1,68.1,4.8,1:2:3,50.2,72.0234,-63.4224,15,20.01,23.03,5.32,SIMACTIVATE
2045,1:2:3,1050,f,TEST,50.2,20,N,N,24.1,68.1,4.8,1:2:3,50.2,72.0234,-63.4224,15,20.01,23.03,5.32,SIMACTIVATE
2045,1:2:3,1051,f,TEST,50.2,20,N,N,24.1,68.1,4.8,1:2:3,50.2,72.0234,-63.4224,15,20.01,23.03,5.32,SIMACTIVATE
2045,1:2:3,1052,f,TEST,50.2,20,N,N,24.1,68.1,4.8,1:2:3,50.2,72.0234,-63.4224,15,20.01,23.03,5.32,SIMACTIVATE
2045,1:2:3,1053,f,TEST,50.2,20,N,N,24.1,68.1,4.8,1:2:3,50.2,72.0234,-63.4224,15,20.01,23.03,5.32,SIMACTIVATE
2045,1:2:3,1054,f,TEST,50.2,20,N,N,24.1,68.1,4.8,1:2:3,50.2,72.0234,-63.4224,15,20.01,23.03,5.32,SIMACTIVATE
2045,1:2:3,1055,f,TEST,50.2,20,N,N,24.1,68.1,4.8,1:2:3,50.2,72.0234,-63.4224,15,20.01,23.03,5.32,SIMACTIVATE
2045,1:2:3,1056,f,TEST,50.2,20,N,N,24.1,68.1,4.8,1:2:3,50.2,72.0234,-63.4224,15,20.01,23.03,5.32,SIMACTIVATE
2045,1:2:3,1057,f,TEST,50.2,20,N,N,24.1,68.1,4.8,1:2:3,50.2,72.0234,-63.4224,15,20.01,23.03,5.32,SIMACTIVATE
2045,1:2:3,1058,f,TEST,50.2,20,N,N,24.1,68.1,4.8,1:2:3,50.2,72.0234,-63.4224,15,20.01,23.03,5.32,SIMACTIVATE
2045,1:2:3,1059,f,TEST,50.2,20,N,N,24.1,68.1,4.8,1:2:3,50.2,72.0234,-63.4224,15,20.01,23.03,5.32,SIMACTIVATE
2045,1:2:3,1060,f,TEST,50.2,20,N,N,24.1,68.1,4.8,1:2:3,50.2,72.0234,-63.4224,15,20.01,23.03,5.32,SIMACTIVATE
2045,1:2:3,1061,f,TEST,50.2,20,N,N,24.1,68.1,4.8,1:2:3,50.2,72.0234,-63.4224,15,20.01,23.03,5.32,SIMACTIVATE
2045,1:2:3,1062,f,TEST,50.2,20,N,N,24.1,68.1,4.8,1:2:3,50.2,72.0234,-63.4224,15,20.01,23.03,5.32,SIMACTIVATE
2045,1:2:3,1063,f,TEST,50.2,20,N,N,24.1,68.1,4.8,1:2:3,50.2,72.0234,-63.4224,15,20.01,23.03,5.32,SIMACTIVATE
2045,1:2:3,1064,f,TEST,50.2,20,N,N,24.1,68.1,4.8,1:2:3,50.2,72.0234,-63.4224,15,20.01,23.03,5.32,SIMACTIVATE
2045,1:2:3,1065,f,TEST,50.2,20,N,N,24.1,68.1,4.8,1:2:3,50.2,72.0234,-63.4224,15,20.01,23.03,5.32,SIMACTIVATE
2045,1:2:3,1066,f,TEST,50.2,20,N,N,24.1,68.1,4.8,1:2:3,50.2,72.0234,-63.4224,15,20.01,23.03,5.32,SIMACTIVATE
2045,1:2:3,1067,f,TEST,50.2,20,N,N,24.1,68.1,4.8,1:2:3,50.2,72.0234,-63.4224,15,20.01,23.03,5.32,SIMACTIVATE
2045,1:2:3,1068,f,TEST,50.2,20,N,N,24.1,68.1,4.8,1:2:3,50.2,72.0234,-63.4224,15,20.01,23.03,5.32,SIMACTIVATE
2045,1:2:3,1069,f,TEST,50.2,20,N,N,24.1,68.1,4.8,1:2:3,50.2,72.0234,-63.4224,15,20.01,23.03,5.32,SIMACTIVATE
2045,1:2:3,1070,f,TEST,50.2,20,N,N,24.1,68.1,4.8,1:2:3,50.2,72.0234,-63.4224,15,20.01,23.03,5.32,SIMACTIVATE
2045,1:2:3,1071,f,TEST,50.2,20,N,N,24.1,68.1,4.8,1:2:3,50.2,72.0234,-63.4224,15,20.01,23.03,5.32,SIMACTIVATE
2045,1:2:3,1072,f,TEST,50.2,20,N,N,24.1,68.1,4.8,1:2:3,50.2,72.0234,-63.4224,15,20.01,23.03,5.32,SIMACTIVATE
2045,1:2:3,1073,f,TEST,50.2,20,N,N,24.1,68.1,4.8,1:2:3,50.2,72.0234,-63.4224,15,20.01,23.03,5.32,SIMACTIVATE
2045,1:2:3,1074,f,TEST,50.2,20,N,N,24.1,68.1,4.8,1:2:3,50.2,72.0234,-63.4224,15,20.01,23.03,5.32,SIMACTIVATE
2045,1:2:3,1075,f,TEST,50.2,20,N,N,24.1,68.1,4.8,1:2:3,50.2,72.0234,-63.4224,15,20.01,23.03,5.32,SIMACTIVATE
2045,1:2:3,1076,f,TEST,50.2,20,N,N,24.1,68.1,4.8,1:2:3,50.2,72.0234,-63.4224,15,20.01,23.03,5.32,SIMACTIVATE
2045,1:2:3,1077,f,TEST,50.2,20,N,N,24.1,68.1,4.8,1:2:3,50.2,72.0234,-63.4224,15,20.01,23.03,5.32,SIMACTIVATE
2045,1:2:3,1078,f,TEST,50.2,20,N,N,24.1,68.1,4.8,1:2:3,50.2,72.0234,-63.4224,15,20.01,23.03,5.32,SIMACTIVATE
2045,1:2:3,1079,f,TEST,50.2,20,N,N,24.1,68.1,4.8,1:2:3,50.2,72.0234,-63.4224,15,20.01,23.03,5.32,SIMACTIVATE
2045,1:2:3,1080,f,TEST,50.2,20,N,N,24.1,68.1,4.8,1:2:3,50.2,72.0234,-63.4224,15,20.01,23.03,5.32,SIMACTIVATE
2045,1:2:3,1081,f,TEST,50.2,20,N,N,24.1,68.1,4.8,1:2:3,50.2,72.0234,-63.4224,15,20.01,23.03,5.32,SIMACTIVATE
2045,1:2:3,1082,f,TEST,50.2,20,N,N,24.1,68.1,4.8,1:2:3,50.2,72.0234,-63.4224,15,20.01,23.03,5.32,SIMACTIVATE
2045,1:2:3,1083,f,TEST,50.2,20,N,N,24.1,68.1,4.8,1:2:3,50.2,72.0234,-63.4224,15,20.01,23.03,5.32,SIMACTIVATE
2045,1:2:3,1084,f,TEST,50.2,20,N,N,24.1,68.1,4.8,1:2:3,50.2,72.0234,-63.4224,15,20.01,23.03,5.32,SIMACTIVATE
2045,1:2:3,1085,f,TEST,50.2,20,N,N,24.1,68.1,4.8,1:2:3,50.2,72.0234,-63.4224,15,20.01,23.03,5.32,SIMACTIVATE
2045,1:2:3,1086,f,TEST,50.2,20,N,N,24.1,68.1,4.8,1:2:3,50.2,72.0234,-63.4224,15,20.01,23.03,5.32,SIMACTIVATE
2045,1:2:3,1087,f,TEST,50.2,20,N,N,24.1,68.1,4.8,1:2:3,50.2,72.0234,-63.4224,15,20.01,23.03,5.32,SIMACTIVATE
2045,1:2:3,1088,f,TEST,50.2,20,N,N,24.1,68.1,4.8,1:2:3,50.2,72.0234,-63.4224,15,20.01,23.03,5.32,SIMACTIVATE
2045,1:2:3,1089,f,TEST,50.2,20,N,N,24.1,68.1,4.8,1:2:3,50.2,72.0234,-63.4224,15,20.01,23.03,5.32,SIMACTIVATE
2045,1:2:3,1090,f,TEST,50.2,20,N,N,24.1,68.1,4.8,1:2:3,50.2,72.0234,-63.4224,15,20.01,23.03,5.32,SIMACTIVATE
2045,1:2:3,1091,f,TEST,50.2,20,N,N,24.1,68.1,4.8,1:2:3,50.2,72.0234,-63.4224,15,20.01,23.03,5.32,SIMACTIVATE
2045,1:2:3,1092,f,TEST,50.2,20,N,N,24.1,68.1,4.8,1:2:3,50.2,72.0234,-63.4224,15,20.01,23.03,5.32,SIMACTIVATE
2045,1:2:3,1093,f,TEST,50.2,20,N,N,24.1,68.1,4.8,1:2:3,50.2,72.0234,-63.4224,15,20.01,23.03,5.32,SIMACTIVATE
2045,1:2:3,1094,f,TEST,50.2,20,N,N,24.1,68.1,4.8,1:2:3,50.2,72.0234,-63.4224,15,20.01,23.03,5.32,SIMACTIVATE
2045,1:2:3,1095,f,TEST,50.2,20,N,N,24.1,68.1,4.8,1:2:3,50.2,72.0234,-63.4224,15,20.01,23.03,5.32,SIMACTIVATE
2045,1:2:3,1096,f,TEST,50.2,20,N,N,24.1,68.1,4.8,1:2:3,50.2,72.0234,-63.4224,15,20.01,23.03,5.32,SIMACTIVATE
2045,1:2:3,1097,f,TEST,50.2,20,N,N,24.1,68.1,4.8,1:2:3,50.2,72.0234,-63.4224,15,20.01,23.03,5.32,SIMACTIVATE
2045,1:2:3,1098,f,TEST,50.2,20,N,N,24.1,68.1,4.8,1:2:3,50.2,72.0234,-63.4224,15,20.01,23.03,5.32,SIMACTIVATE
2045,1:2:3,1099,f,TEST,50.2,20,N,N,24.1,68.1,4.8,1:2:3,50.2,72.0234,-63.4224,15,20.01,23.03,5.32,SIMACTIVATE
2045,1:2:3,1100,f,TEST,50.2,20,N,N,24.1,68.1,4.8,1:2:3,50.2,72.0234,-63.4224,15,20.01,23.03,5.32,SIMACTIVATE
2045,1:2:3,1101,f,TEST,50.2,20,N,N,24.1,68.1,4.8,1:2:3,50.2,72.0234,-63.4224,15,20.01,23.03,5.32,SIMACTIVATE
2045,1:2:3,1102,f,TEST,50.2,20,N,N,24.1,68.1,4.8,1:2:3,50.2,72.0234,-63.4224,15,20.01,23.03,5.32,SIMACTIVATE
2045,1:2:3,1103,f,TEST,50.2,20,N,N,24.1,68.1,4.8,1:2:3,50.2,72.0234,-63.4224,15,20.01,23.03,5.32,SIMACTIVATE
2045,1:2:3,1104,f,TEST,50.2,20,N,N,24.1,68.1,4.8,1:2:3,50.2,72.0234,-63.4224,15,20.01,23.03,5.32,SIMACTIVATE
2045,1:2:3,1105,f,TEST,50.2,20,N,N,24.1,68.1,4.8,1:2:3,50.2,72.0234,-63.4224,15,20.01,23.03,5.32,SIMACTIVATE
2045,1:2:3,1106,f,TEST,50.2,20,N,N,24.1,68.1,4.8,1:2:3,50.2,72.0234,-63.4224,15,20.01,23.03,5.32,SIMACTIVATE
2045,1:2:3,1107,f,TEST,50.2,20,N,N,24.1,68.1,4.8,1:2:3,50.2,72.0234,-63.4224,15,20.01,23.03,5.32,SIMACTIVATE
2045,1:2:3,1108,f,TEST,50.2,20,N,N,24.1,68.1,4.8,1:2:3,50.2,72.0234,-63.4224,15,20.01,23.03,5.32,SIMACTIVATE
2045,1:2:3,1109,f,TEST,50.2,20,N,N,24.1,68.1,4.8,1:2:3,50.2,72.0234,-63.4224,15,20.01,23.03,5.32,SIMACTIVATE
2045,1:2:3,1110,f,TEST,50.2,20,N,N,24.1,68.1,4.8,1:2:3,50.2,72.0234,-63.4224,15,20.01,23.03,5.32,SIMACTIVATE
2045,1:2:3,1111,f,TEST,50.2,20,N,N,24.1,68.1,4.8,1:2:3,50.2,72.0234,-63.4224,15,20.01,23.03,5.32,SIMACTIVATE
2045,1:2:3,1112,f,TEST,50.2,20,N,N,24.1,68.1,4.8,1:2:3,50.2,72.0234,-63.4224,15,20.01,23.03,5.32,SIMACTIVATE
2045,1:2:3,1113,f,TEST,50.2,20,N,N,24.1,68.1,4.8,1:2:3,50.2,72.0234,-63.4224,15,20.01,23.03,5.32,SIMACTIVATE
2045,1:2:3,1114,f,TEST,50.2,20,N,N,24.1,68.1,4.8,1:2:3,50.2,72.0234,-63.4224,15,20.01,23.03,5.32,SIMACTIVATE
2045,1:2:3,1115,f,TEST,50.2,20,N,N,24.1,68.1,4.8,1:2:3,50.2,72.0234,-63.4224,15,20.01,23.03,5.32,SIMACTIVATE
2045,1:2:3,1116,f,TEST,50.2,20,N,N,24.1,68.1,4.8,1:2:3,50.2,72.0234,-63.4224,15,20.01,23.03,5.32,SIMACTIVATE
2045,1:2:3,1117,f,TEST,50.2,20,N,N,24.1,68.1,4.8,1:2:3,50.2,72.0234,-63.4224,15,20.01,23.03,5.32,SIMACTIVATE
2045,1:2:3,1118,f,TEST,50.2,20,N,N,24.1,68.1,4.8,1:2:3,50.2,72.0234,-63.4224,15,20.01,23.03,5.32,SIMACTIVATE
2045,1:2:3,1119,f,TEST,50.2,20,N,N,24.1,68.1,4.8,1:2:3,50.2,72.0234,-63.4224,15,20.01,23.03,5.32,SIMACTIVATE
2045,1:2:3,1120,f,TEST,50.2,20,N,N,24.1,68.1,4.8,1:2:3,50.2,72.0234,-63.4224,15,20.01,23.03,5.32,SIMACTIVATE
2045,1:2:3,1121,f,TEST,50.2,20,N,N,24.1,68.1,4.8,1:2:3,50.2,72.0234,-63.4224,15,20.01,23.03,5.32,SIMACTIVATE
2045,1:2:3,1122,f,TEST,50.2,20,N,N,24.1,68.1,4.8,1:2:3,50.2,72.0234,-63.4224,15,20.01,23.03,5.32,SIMACTIVATE
2045,1:2:3,1123,f,TEST,50.2,20,N,N,24.1,68.1,4.8,1:2:3,50.2,72.0234,-63.4224,15,20.01,23.03,5.32,SIMACTIVATE
2045,1:2:3,1124,f,TEST,50.2,20,N,N,24.1,68.1,4.8,1:2:3,50.2,72.0234,-63.4224,15,20.01,23.03,5.32,SIMACTIVATE
2045,1:2:3,1125,f,TEST,50.2,20,N,N,24.1,68.1,4.8,1:2:3,50.2,72.0234,-63.4224,15,20.01,23.03,5.32,SIMACTIVATE
2045,1:2:3,1126,f,TEST,50.2,20,N,N,24.1,68.1,4.8,1:2:3,50.2,72.0234,-63.4224,15,20.01,23.03,5.32,SIMACTIVATE
2045,1:2:3,1127,f,TEST,50.2,20,N,N,24.1,68.1,4.8,1:2:3,50.2,72.0234,-63.4224,15,20.01,23.03,5.32,SIMACTIVATE
2045,1:2:3,1128,f,TEST,50.2,20,N,N,24.1,68.1,4.8,1:2:3,50.2,72.0234,-63.4224,15,20.01,23.03,5.32,SIMACTIVATE
2045,1:2:3,1129,f,TEST,50.2,20,N,N,24.1,68.1,4.8,1:2:3,50.2,72.0234,-63.4224,15,20.01,23.03,5.32,SIMACTIVATE
2045,1:2:3,1130,f,TEST,50.2,20,N,N,24.1,68.1,4.8,1:2:3,50.2,72.0234,-63.4224,15,20.01,23.03,5.32,SIMACTIVATE
2045,1:2:3,1131,f,TEST,50.2,20,N,N,24.1,68.1,4.8,1:2:3,50.2,72.0234,-63.4224,15,20.01,23.03,5.32,SIMACTIVATE
2045,1:2:3,1132,f,TEST,50.2,20,N,N,24.1,68.1,4.8,1:2:3,50.2,72.0234,-63.4224,15,20.01,23.03,5.32,SIMACTIVATE
2045,1:2:3,1133,f,TEST,50.2,20,N,N,24.1,68.1,4.8,1:2:3,50.2,72.0234,-63.4224,15,20.01,23.03,5.32,SIMACTIVATE
2045,1:2:3,1134,f,TEST,50.2,20,N,N,24.1,68.1,4.8,1:2:3,50.2,72.0234,-63.4224,15,20.01,23.03,5.32,SIMACTIVATE
2045,1:2:3,1135,f,TEST,50.2,20,N,N,24.1,68.1,4.8,1:2:3,50.2,72.0234,-63.4224,15,20.01,23.03,5.32,SIMACTIVATE
2045,1:2:3,1136,f,TEST,50.2,20,N,N,24.1,68.1,4.8,1:2:3,50.2,72.0234,-63.4224,15,20.01,23.03,5.32,SIMACTIVATE
2045,1:2:3,1137,f,TEST,50.2,20,N,N,24.1,68.1,4.8,1:2:3,50.2,72.0234,-63.4224,15,20.01,23.03,5.32,SIMACTIVATE
2045,1:2:3,1138,f,TEST,50.2,20,N,N,24.1,68.1,4.8,1:2:3,50.2,72.0234,-63.4224,15,20.01,23.03,5.32,SIMACTIVATE
2045,1:2:3,1139,f,TEST,50.2,20,N,N,24.1,68.1,4.8,1:2:3,50.2,72.0234,-63.4224,15,20.01,23.03,5.32,SIMACTIVATE
2045,1:2:3,1140,f,TEST,50.2,20,N,N,24.1,68.1,4.8,1:2:3,50.2,72.0234,-63.4224,15,20.01,23.03,5.32,SIMACTIVATE
2045,1:2:3,1141,f,TEST,50.2,20,N,N,24.1,68.1,4.8,1:2:3,50.2,72.0234,-63.4224,15,20.01,23.03,5.32,SIMACTIVATE
2045,1:2:3,1142,f,TEST,50.2,20,N,N,24.1,68.1,4.8,1:2:3,50.2,72.0234,-63.4224,15,20.01,23.03,5.32,SIMACTIVATE
2045,1:2:3,1143,f,TEST,50.2,20,N,N,24.1,68.1,4.8,1:2:3,50.2,72.0234,-63.4224,15,20.01,23.03,5.32,SIMACTIVATE
2045,1:2:3,1144,f,TEST,50.2,20,N,N,24.1,68.1,4.8,1:2:3,50.2,72.0234,-63.4224,15,20.01,23.03,5.32,SIMACTIVATE
2045,1:2:3,1145,f,TEST,50.2,20,N,N,24.1,68.1,4.8,1:2:3,50.2,72.0234,-63.4224,15,20.01,23.03,5.32,SIMACTIVATE
2045,1:2:3,1146,f,TEST,50.2,20,N,N,24.1,68.1,4.8,1:2:3,50.2,72.0234,-63.4224,15,20.01,23.03,5.32,SIMACTIVATE
2045,1:2:3,1147,f,TEST,50.2,20,N,N,24.1,68.1,4.8,1:2:3,50.2,72.0234,-63.4224,15,20.01,23.03,5.32,SIMACTIVATE
2045,1:2:3,1148,f,TEST,50.2,20,N,N,24.1,68.1,4.8,1:2:3,50.2,72.0234,-63.4224,15,20.01,23.03,5.32,SIMACTIVATE
2045,1:2:3,1149,f,TEST,50.2,20,N,N,24.1,68.1,4.8,1:2:3,50.2,72.0234,-63.4224,15,20.01,23.03,5.32,SIMACTIVATE
2045,1:2:3,1150,f,TEST,50.2,20,N,N,24.1,68.1,4.8,1:2:3,50.2,72.0234,-63.4224,15,20.01,23.03,5.32,SIMACTIVATE
2045,1:2:3,1151,f,TEST,50.2,20,N,N,24.1,68.1,4.8,1:2:3,50.2,72.0234,-63.4224,15,20.01,23.03,5.32,SIMACTIVATE
2045,1:2:3,1152,f,TEST,50.2,20,N,N,24.1,68.1,4.8,1:2:3,50.2,72.0234,-63.4224,15,20.01,23.03,5.32,SIMACTIVATE
2045,1:2:3,1153,f,TEST,50.2,20,N,N,24.1,68.1,4.8,1:2:3,50.2,72.0234,-63.4224,15,20.01,23.03,5.32,SIMACTIVATE
2045,1:2:3,1154,f,TEST,50.2,20,N,N,24.1,68.1,4.8,1:2:3,50.2,72.0234,-63.4224,15,20.01,23.03,5.32,SIMACTIVATE
2045,1:2:3,1155,f,TEST,50.2,20,N,N,24.1,68.1,4.8,1:2:3,50.2,72.0234,-63.4224,15,20.01,23.03,5.32,SIMACTIVATE
2045,1:2:3,1156,f,TEST,50.2,20,N,N,24.1,68.1,4.8,1:2:3,50.2,72.0234,-63.4224,15,20.01,23.03,5.32,SIMACTIVATE
2045,1:2:3,1157,f,TEST,50.2,20,N,N,24.1,68.1,4.8,1:2:3,50.2,72.0234,-63.4224,15,20.01,23.03,5.32,SIMACTIVATE
2045,1:2:3,1158,f,TEST,50.2,20,N,N,24.1,68.1,4.8,1:2:3,50.2,72.0234,-63.4224,15,20.01,23.03,5.32,SIMACTIVATE
2045,1:2:3,1159,f,TEST,50.2,20,N,N,24.1,68.1,4.8,1:2:3,50.2,72.0234,-63.4224,15,20.01,23.03,5.32,SIMACTIVATE
2045,1:2:3,1160,f,TEST,50.2,20,N,N,24.1,68.1,4.8,1:2:3,50.2,72.0234,-63.4224,15,20.01,23.03,5.32,SIMACTIVATE
2045,1:2:3,1161,f,TEST,50.2,20,N,N,24.1,68.1,4.8,1:2:3,50.2,72.0234,-63.4224,15,20.01,23.03,5.32,SIMACTIVATE
2045,1:2:3,1162,f,TEST,50.2,20,N,N,24.1,68.1,4.8,1:2:3,50.2,72.0234,-63.4224,15,20.01,23.03,5.32,SIMACTIVATE
2045,1:2:3,1163,f,TEST,50.2,20,N,N,24.1,68.1,4.8,1:2:3,50.2,72.0234,-63.4224,15,20.01,23.03,5.32,SIMACTIVATE
2045,1:2:3,1164,f,TEST,50.2,20,N,N,24.1,68.1,4.8,1:2:3,50.2,72.0234,-63.4224,15,20.01,23.03,5.32,SIMACTIVATE
2045,1:2:3,1165,f,TEST,50.2,20,N,N,24.1,68.1,4.8,1:2:3,50.2,72.0234,-63.4224,15,20.01,23.03,5.32,SIMACTIVATE
2045,1:2:3,1166,f,TEST,50.2,20,N,N,24.1,68.1,4.8,1:2:3,50.2,72.0234,-63.4224,15,20.01,23.03,5.32,SIMACTIVATE
2045,1:2:3,1167,f,TEST,50.2,20,N,N,24.1,68.1,4.8,1:2:3,50.2,72.0234,-63.4224,15,20.01,23.03,5.32,SIMACTIVATE
2045,1:2:3,1168,f,TEST,50.2,20,N,N,24.1,68.1,4.8,1:2:3,50.2,72.0234,-63.4224,15,20.01,23.03,5.32,SIMACTIVATE
2045,1:2:3,1169,f,TEST,50.2,20,N,N,24.1,68.1,4.8,1:2:3,50.2,72.0234,-63.4224,15,20.01,23.03,5.32,SIMACTIVATE
2045,1:2:3,1170,f,TEST,50.2,20,N,N,24.1,68.1,4.8,1:2:3,50.2,72.0234,-63.4224,15,20.01,23.03,5.32,SIMACTIVATE
2045,1:2:3,1171,f,TEST,50.2,20,N,N,24.1,68.1,4.8,1:2:3,50.2,72.0234,-63.4224,15,20.01,23.03,5.32,SIMACTIVATE
2045,1:2:3,1172,f,TEST,50.2,20,N,N,24.1,68.1,4.8,1:2:3,50.2,72.0234,-63.4224,15,20.01,23.03,5.32,SIMACTIVATE
2045,1:2:3,1173,f,TEST,50.2,20,N,N,24.1,68.1,4.8,1:2:3,50.2,72.0234,-63.4224,15,20.01,23.03,5.32,SIMACTIVATE
2045,1:2:3,1174,f,TEST,50.2,20,N,N,24.1,68.1,4.8,1:2:3,50.2,72.0234,-63.4224,15,20.01,23.03,5.32,SIMACTIVATE
2045,1:2:3,1175,f,TEST,50.2,20,N,N,24.1,68.1,4.8,1:2:3,50.2,72.0234,-63.4224,15,20.01,23.03,5.32,SIMACTIVATE
2045,1:2:3,1176,f,TEST,50.2,20,N,N,24.1,68.1,4.8,1:2:3,50.2,72.0234,-63.4224,15,20.01,23.03,5.32,SIMACTIVATE
2045,1:2:3,1177,f,TEST,50.2,20,N,N,24.1,68.1,4.8,1:2:3,50.2,72.0234,-63.4224,15,20.01,23.03,5.32,SIMACTIVATE
2045,1:2:3,1178,f,TEST,50.2,20,N,N,24.1,68.1,4.8,1:2:3,50.2,72.0234,-63.4224,15,20.01,23.03,5.32,SIMACTIVATE
2045,1:2:3,1179,f,TEST,50.2,20,N,N,24.1,68.1,4.8,1:2:3,50.2,72.0234,-63.4224,15,20.01,23.03,5.32,SIMACTIVATE
2045,1:2:3,1180,f,TEST,50.2,20,N,N,24.1,68.1,4.8,1:2:3,50.2,72.0234,-63.4224,15,20.01,23.03,5.32,SIMACTIVATE
2045,1:2:3,1181,f,TEST,50.2,20,N,N,24.1,68.1,4.8,1:2:3,50.2,72.0234,-63.4224,15,20.01,23.03,5.32,SIMACTIVATE
2045,1:2:3,1182,f,TEST,50.2,20,N,N,24.1,68.1,4.8,1:2:3,50.2,72.0234,-63.4224,15,20.01,23.03,5.32,SIMACTIVATE
2045,1:2:3,1183,f,TEST,50.2,20,N,N,24.1,68.1,4.8,1:2:3,50.2,72.0234,-63.4224,15,20.01,23.03,5.32,SIMACTIVATE
2045,1:2:3,1184,f,TEST,50.2,20,N,N,24.1,68.1,4.8,1:2:3,50.2,72.0234,-63.4224,15,20.01,23.03,5.32,SIMACTIVATE
2045,1:2:3,1185,f,TEST,50.2,20,N,N,24.1,68.1,4.8,1:2:3,50.2,72.0234,-63.4224,15,20.01,23.03,5.32,SIMACTIVATE
2045,1:2:3,1186,f,TEST,50.2,20,N,N,24.1,68.1,4.8,1:2:3,50.2,72.0234,-63.4224,15,20.01,23.03,5.32,SIMACTIVATE
2045,1:2:3,1187,f,TEST,50.2,20,N,N,24.1,68.1,4.8,1:2:3,50.2,72.0234,-63.4224,15,20.01,23.03,5.32,SIMACTIVATE
2045,1:2:3,1188,f,TEST,50.2,20,N,N,24.1,68.1,4.8,1:2:3,50.2,72.0234,-63.4224,15,20.01,23.03,5.32,SIMACTIVATE
2045,1:2:3,1189,f,TEST,50.2,20,N,N,24.1,68.1,4.8,1:2:3,50.2,72.0234,-63.4224,15,20.01,23.03,5.32,SIMACTIVATE
2045,1:2:3,1190,f,TEST,50.2,20,N,N,24.1,68.1,4.8,1:2:3,50.2,72.0234,-63.4224,15,20.01,23.03,5.32,SIMACTIVATE
2045,1:2:3,1191,f,TEST,50.2,20,N,N,24.1,68.1,4.8,1:2:3,50.2,72.0234,-63.4224,15,20.01,23.03,5.32,SIMACTIVATE
2045,1:2:3,1192,f,TEST,50.2,20,N,N,24.1,68.1,4.8,1:2:3,50.2,72.0234,-63.4224,15,20.01,23.03,5.32,SIMACTIVATE
2045,1:2:3,1193,f,TEST,50.2,20,N,N,24.1,68.1,4.8,1:2:3,50.2,72.0234,-63.4224,15,20.01,23.03,5.32,SIMACTIVATE
2045,1:2:3,1194,f,TEST,50.2,20,N,N,24.1,68.1,4.8,1:2:3,50.2,72.0234,-63.4224,15,20.01,23.03,5.32,SIMACTIVATE
2045,1:2:3,1195,f,TEST,50.2,20,N,N,24.1,68.1,4.8,1:2:3,50.2,72.0234,-63.4224,15,20.01,23.03,5.32,SIMACTIVATE
2045,1:2:3,1196,f,TEST,50.2,20,N,N,24.1,68.1,4.8,1:2:3,50.2,72.0234,-63.4224,15,20.01,23.03,5.32,SIMACTIVATE
2045,1:2:3,1197,f,TEST,50.2,20,N,N,24.1,68.1,4.8,1:2:3,50.2,72.0234,-63.4224,15,20.01,23.03,5.32,SIMACTIVATE
2045,1:2:3,1198,f,TEST,50.2,20,N,N,24.1,68.1,4.8,1:2:3,50.2,72.0234,-63.4224,15,20.01,23.03,5.32,SIMACTIVATE
2045,1:2:3,1199,f,TEST,50.2,20,N,N,24.1,68.1,4.8,1:2:3,50.2,72.0234,-63.4224,15,20.01,23.03,5.32,SIMACTIVATE
2045,1:2:3,1200,f,TEST,50.2,20,N,N,24.1,68.1,4.8,1:2:3,50.2,72.0234,-63.4224,15,20.01,23.03,5.32,SIMACTIVATE
2045,1:2:3,1201,f,TEST,50.2,20,N,N,24.1,68.1,4.8,1:2:3,50.2,72.0234,-63.4224,15,20.01,23.03,5.32,SIMACTIVATE
2045,1:2:3,1202,f,TEST,50.2,20,N,N,24.1,68.1,4.8,1:2:3,50.2,72.0234,-63.4224,15,20.01,23.03,5.32,SIMACTIVATE
2045,1:2:3,1203,f,TEST,50.2,20,N,N,24.1,68.1,4.8,1:2:3,50.2,72.0234,-63.4224,15,20.01,23.03,5.32,SIMACTIVATE
2045,1:2:3,1204,f,TEST,50.2,20,N,N,24.1,68.1,4.8,1:2:3,50.2,72.0234,-63.4224,15,20.01,23.03,5.32,SIMACTIVATE
2045,1:2:3,1205,f,TEST,50.2,20,N,N,24.1,68.1,4.8,1:2:3,50.2,72.0234,-63.4224,15,20.01,23.03,5.32,SIMACTIVATE
2045,1:2:3,1206,f,TEST,50.2,20,N,N,24.1,68.1,4.8,1:2:3,50.2,72.0234,-63.4224,15,20.01,23.03,5.32,SIMACTIVATE
2045,1:2:3,1207,f,TEST,50.2,20,N,N,24.1,68.1,4.8,1:2:3,50.2,72.0234,-63.4224,15,20.01,23.03,5.32,SIMACTIVATE
2045,1:2:3,1208,f,TEST,50.2,20,N,N,24.1,68.1,4.8,1:2:3,50.2,72.0234,-63.4224,15,20.01,23.03,5.32,SIMACTIVATE
2045,1:2:3,1209,f,TEST,50.2,20,N,N,24.1,68.1,4.8,1:2:3,50.2,72.0234,-63.4224,15,20.01,23.03,5.32,SIMACTIVATE
2045,1:2:3,1210,f,TEST,50.2,20,N,N,24.1,68.1,4.8,1:2:3,50.2,72.0234,-63.4224,15,20.01,23.03,5.32,SIMACTIVATE
2045,1:2:3,1211,f,TEST,50.2,20,N,N,24.1,68.1,4.8,1:2:3,50.2,72.0234,-63.4224,15,20.01,23.03,5.32,SIMACTIVATE
2045,1:2:3,1212,f,TEST,50.2,20,N,N,24.1,68.1,4.8,1:2:3,50.2,72.0234,-63.4224,15,20.01,23.03,5.32,SIMACTIVATE
2045,1:2:3,1213,f,TEST,50.2,20,N,N,24.1,68.1,4.8,1:2:3,50.2,72.0234,-63.4224,15,20.01,23.03,5.32,SIMACTIVATE
2045,1:2:3,1214,f,TEST,50.2,20,N,N,24.1,68.1,4.8,1:2:3,50.2,72.0234,-63.4224,15,20.01,23.03,5.32,SIMACTIVATE
2045,1:2:3,1215,f,TEST,50.2,20,N,N,24.1,68.1,4.8,1:2:3,50.2,72.0234,-63.4224,15,20.01,23.03,5.32,SIMACTIVATE
2045,1:2:3,1216,f,TEST,50.2,20,N,N,24.1,68.1,4.8,1:2:3,50.2,72.0234,-63.4224,15,20.01,23.03,5.32,SIMACTIVATE
2045,1:2:3,1217,f,TEST,50.2,20,N,N,24.1,68.1,4.8,1:2:3,50.2,72.0234,-63.4224,15,20.01,23.03,5.32,SIMACTIVATE
2045,1:2:3,1218,f,TEST,50.2,20,N,N,24.1,68.1,4.8,1:2:3,50.2,72.0234,-63.4224,15,20.01,23.03,5.32,SIMACTIVATE
2045,1:2:3,1219,f,TEST,50.2,20,N,N,24.1,68.1,4.8,1:2:3,50.2,72.0234,-63.4224,15,20.01,23.03,5.32,SIMACTIVATE
2045,1:2:3,1220,f,TEST,50.2,20,N,N,24.1,68.1,4.8,1:2:3,50.2,72.0234,-63.4224,15,20.01,23.03,5.32,SIMACTIVATE
2045,1:2:3,1221,f,TEST,50.2,20,N,N,24.1,68.1,4.8,1:2:3,50.2,72.0234,-63.4224,15,20.01,23.03,5.32,SIMACTIVATE
2045,1:2:3,1222,f,TEST,50.2,20,N,N,24.1,68.1,4.8,1:2:3,50.2,72.0234,-63.4224,15,20.01,23.03,5.32,SIMACTIVATE
2045,1:2:3,1223,f,TEST,50.2,20,N,N,24.1,68.1,4.8,1:2:3,50.2,72.0234,-63.4224,15,20.01,23.03,5.32,SIMACTIVATE
2045,1:2:3,1224,f,TEST,50.2,20,N,N,24.1,68.1,4.8,1:2:3,50.2,72.0234,-63.4224,15,20.01,23.03,5.32,SIMACTIVATE
2045,1:2:3,1225,f,TEST,50.2,20,N,N,24.1,68.1,4.8,1:2:3,50.2,72.0234,-63.4224,15,20.01,23.03,5.32,SIMACTIVATE
2045,1:2:3,1226,f,TEST,50.2,20,N,N,24.1,68.1,4.8,1:2:3,50.2,72.0234,-63.4224,15,20.01,23.03,5.32,SIMACTIVATE
2045,1:2:3,1227,f,TEST,50.2,20,N,N,24.1,68.1,4.8,1:2:3,50.2,72.0234,-63.4224,15,20.01,23.03,5.32,SIMACTIVATE
2045,1:2:3,1228,f,TEST,50.2,20,N,N,24.1,68.1,4.8,1:2:3,50.2,72.0234,-63.4224,15,20.01,23.03,5.32,SIMACTIVATE
2045,1:2:3,1229,f,TEST,50.2,20,N,N,24.1,68.1,4.8,1:2:3,50.2,72.0234,-63.4224,15,20.01,23.03,5.32,SIMACTIVATE
2045,1:2:3,1230,f,TEST,50.2,20,N,N,24.1,68.1,4.8,1:2:3,50.2,72.0234,-63.4224,15,20.01,23.03,5.32,SIMACTIVATE
2045,1:2:3,1231,f,TEST,50.2,20,N,N,24.1,68.1,4.8,1:2:3,50.2,72.0234,-63.4224,15,20.01,23.03,5.32,SIMACTIVATE
2045,1:2:3,1232,f,TEST,50.2,20,N,N,24.1,68.1,4.8,1:2:3,50.2,72.0234,-63.4224,15,20.01,23.03,5.32,SIMACTIVATE
2045,1:2:3,1233,f,TEST,50.2,20,N,N,24.1,68.1,4.8,1:2:3,50.2,72.0234,-63.4224,15,20.01,23.03,5.32,SIMACTIVATE
2045,1:2:3,1234,f,TEST,50.2,20,N,N,24.1,68.1,4.8,1:2:3,50.2,72.0234,-63.4224,15,20.01,23.03,5.32,SIMACTIVATE
2045,1:2:3,1235,f,TEST,50.2,20,N,N,24.1,68.1,4.8,1:2:3,50.2,72.0234,-63.4224,15,20.01,23.03,5.32,SIMACTIVATE
2045,1:2:3,1236,f,TEST,50.2,20,N,N,24.1,68.1,4.8,1:2:3,50.2,72.0234,-63.4224,15,20.01,23.03,5.32,SIMACTIVATE
2045,1:2:3,1237,f,TEST,50.2,20,N,N,24.1,68.1,4.8,1:2:3,50.2,72.0234,-63.4224,15,20.01,23.03,5.32,SIMACTIVATE
2045,1:2:3,1238,f,TEST,50.2,20,N,N,24.1,68.1,4.8,1:2:3,50.2,72.0234,-63.4224,15,20.01,23.03,5.32,SIMACTIVATE
2045,1:2:3,1239,f,TEST,50.2,20,N,N,24.1,68.1,4.8,1:2:3,50.2,72.0234,-63.4224,15,20.01,23.03,5.32,SIMACTIVATE
2045,1:2:3,1240,f,TEST,50.2,20,N,N,24.1,68.1,4.8,1:2:3,50.2,72.0234,-63.4224,15,20.01,23.03,5.32,SIMACTIVATE
2045,1:2:3,1241,f,TEST,50.2,20,N,N,24.1,68.1,4.8,1:2:3,50.2,72.0234,-63.4224,15,20.01,23.03,5.32,SIMACTIVATE
2045,1:2:3,1242,f,TEST,50.2,20,N,N,24.1,68.1,4.8,1:2:3,50.2,72.0234,-63.4224,15,20.01,23.03,5.32,SIMACTIVATE
2045,1:2:3,1243,f,TEST,50.2,20,N,N,24.1,68.1,4.8,1:2:3,50.2,72.0234,-63.4224,15,20.01,23.03,5.32,SIMACTIVATE
2045,1:2:3,1244,f,TEST,50.2,20,N,N,24.1,68.1,4.8,1:2:3,50.2,72.0234,-63.4224,15,20.01,23.03,5.32,SIMACTIVATE
2045,1:2:3,1245,f,TEST,50.2,20,N,N,24.1,68.1,4.8,1:2:3,50.2,72.0234,-63.4224,15,20.01,23.03,5.32,SIMACTIVATE
2045,1:2:3,1246,f,TEST,50.2,20,N,N,24.1,68.1,4.8,1:2:3,50.2,72.0234,-63.4224,15,20.01,23.03,5.32,SIMACTIVATE
2045,1:2:3,1247,f,TEST,50.2,20,N,N,24.1,68.1,4.8,1:2:3,50.2,72.0234,-63.4224,15,20.01,23.03,5.32,SIMACTIVATE
2045,1:2:3,1248,f,TEST,50.2,20,N,N,24.1,68.1,4.8,1:2:3,50.2,72.0234,-63.4224,15,20.01,23.03,5.32,SIMACTIVATE
2045,1:2:3,1249,f,TEST,50.2,20,N,N,24.1,68.1,4.8,1:2:3,50.2,72.0234,-63.4224,15,20.01,23.03,5.32,SIMACTIVATE
2045,1:2:3,1250,f,TEST,50.2,20,N,N,24.1,68.1,4.8,1:2:3,50.2,72.0234,-63.4224,15,20.01,23.03,5.32,SIMACTIVATE
2045,1:2:3,1251,f,TEST,50.2,20,N,N,24.1,68.1,4.8,1:2:3,50.2,72.0234,-63.4224,15,20.01,23.03,5.32,SIMACTIVATE
2045,1:2:3,1252,f,TEST,50.2,20,N,N,24.1,68.1,4.8,1:2:3,50.2,72.0234,-63.4224,15,20.01,23.03,5.32,SIMACTIVATE
2045,1:2:3,1253,f,TEST,50.2,20,N,N,24.1,68.1,4.8,1:2:3,50.2,72.0234,-63.4224,15,20.01,23.03,5.32,SIMACTIVATE
2045,1:2:3,1254,f,TEST,50.2,20,N,N,24.1,68.1,4.8,1:2:3,50.2,72.0234,-63.4224,15,20.01,23.03,5.32,SIMACTIVATE
2045,1:2:3,1255,f,TEST,50.2,20,N,N,24.1,68.1,4.8,1:2:3,50.2,72.0234,-63.4224,15,20.01,23.03,5.32,SIMACTIVATE
2045,1:2:3,1256,f,TEST,50.2,20,N,N,24.1,68.1,4.8,1:2:3,50.2,72.0234,-63.4224,15,20.01,23.03,5.32,SIMACTIVATE
2045,1:2:3,1257,f,TEST,50.2,20,N,N,24.1,68.1,4.8,1:2:3,50.2,72.0234,-63.4224,15,20.01,23.03,5.32,SIMACTIVATE
2045,1:2:3,1258,f,TEST,50.2,20,N,N,24.1,68.1,4.8,1:2:3,50.2,72.0234,-63.4224,15,20.01,23.03,5.32,SIMACTIVATE
2045,1:2:3,1259,f,TEST,50.2,20,N,N,24.1,68.1,4.8,1:2:3,50.2,72.0234,-63.4224,15,20.01,23.03,5.32,SIMACTIVATE
2045,1:2:3,1260,f,TEST,50.2,20,N,N,24.1,68.1,4.8,1:2:3,50.2,72.0234,-63.4224,15,20.01,23.03,5.32,SIMACTIVATE
2045,1:2:3,1261,f,TEST,50.2,20,N,N,24.1,68.1,4.8,1:2:3,50.2,72.0234,-63.4224,15,20.01,23.03,5.32,SIMACTIVATE
2045,1:2:3,1262,f,TEST,50.2,20,N,N,24.1,68.1,4.8,1:2:3,50.2,72.0234,-63.4224,15,20.01,23.03,5.32,SIMACTIVATE
2045,1:2:3,1263,f,TEST,50.2,20,N,N,24.1,68.1,4.8,1:2:3,50.2,72.0234,-63.4224,15,20.01,23.03,5.32,SIMACTIVATE
2045,1:2:3,1264,f,TEST,50.2,20,N,N,24.1,68.1,4.8,1:2:3,50.2,72.0234,-63.4224,15,20.01,23.03,5.32,SIMACTIVATE
2045,1:2:3,1265,f,TEST,50.2,20,N,N,24.1,68.1,4.8,1:2:3,50.2,72.0234,-63.4224,15,20.01,23.03,5.32,SIMACTIVATE
2045,1:2:3,1266,f,TEST,50.2,20,N,N,24.1,68.1,4.8,1:2:3,50.2,72.0234,-63.4224,15,20.01,23.03,5.32,SIMACTIVATE
2045,1:2:3,1267,f,TEST,50.2,20,N,N,24.1,68.1,4.8,1:2:3,50.2,72.0234,-63.4224,15,20.01,23.03,5.32,SIMACTIVATE
2045,1:2:3,1268,f,TEST,50.2,20,N,N,24.1,68.1,4.8,1:2:3,50.2,72.0234,-63.4224,15,20.01,23.03,5.32,SIMACTIVATE
2045,1:2:3,1269,f,TEST,50.2,20,N,N,24.1,68.1,4.8,1:2:3,50.2,72.0234,-63.4224,15,20.01,23.03,5.32,SIMACTIVATE
2045,1:2:3,1270,f,TEST,50.2,20,N,N,24.1,68.1,4.8,1:2:3,50.2,72.0234,-63.4224,15,20.01,23.03,5.32,SIMACTIVATE
2045,1:2:3,1271,f,TEST,50.2,20,N,N,24.1,68.1,4.8,1:2:3,50.2,72.0234,-63.4224,15,20.01,23.03,5.32,SIMACTIVATE
2045,1:2:3,1272,f,TEST,50.2,20,N,N,24.1,68.1,4.8,1:2:3,50.2,72.0234,-63.4224,15,20.01,23.03,5.32,SIMACTIVATE
2045,1:2:3,1273,f,TEST,50.2,20,N,N,24.1,68.1,4.8,1:2:3,50.2,72.0234,-63.4224,15,20.01,23.03,5.32,SIMACTIVATE
2045,1:2:3,1274,f,TEST,50.2,20,N,N,24.1,68.1,4.8,1:2:3,50.2,72.0234,-63.4224,15,20.01,23.03,5.32,SIMACTIVATE
2045,1:2:3,1275,f,TEST,50.2,20,N,N,24.1,68.1,4.8,1:2:3,50.2,72.0234,-63.4224,15,20.01,23.03,5.32,SIMACTIVATE
2045,1:2:3,1276,f,TEST,50.2,20,N,N,24.1,68.1,4.8,1:2:3,50.2,72.0234,-63.4224,15,20.01,23.03,5.32,SIMACTIVATE
2045,1:2:3,1277,f,TEST,50.2,20,N,N,24.1,68.1,4.8,1:2:3,50.2,72.0234,-63.4224,15,20.01,23.03,5.32,SIMACTIVATE
2045,1:2:3,1278,f,TEST,50.2,20,N,N,24.1,68.1,4.8,1:2:3,50.2,72.0234,-63.4224,15,20.01,23.03,5.32,SIMACTIVATE
2045,1:2:3,1279,f,TEST,50.2,20,N,N,24.1,68.1,4.8,1:2:3,50.2,72.0234,-63.4224,15,20.01,23.03,5.32,SIMACTIVATE
2045,1:2:3,1280,f,TEST,50.2,20,N,N,24.1,68.1,4.8,1:2:3,50.2,72.0234,-63.4224,15,20.01,23.03,5.32,SIMACTIVATE
2045,1:2:3,1281,f,TEST,50.2,20,N,N,24.1,68.1,4.8,1:2:3,50.2,72.0234,-63.4224,15,20.01,23.03,5.32,SIMACTIVATE
2045,1:2:3,1282,f,TEST,50.2,20,N,N,24.1,68.1,4.8,1:2:3,50.2,72.0234,-63.4224,15,20.01,23.03,5.32,SIMACTIVATE
2045,1:2:3,1283,f,TEST,50.2,20,N,N,24.1,68.1,4.8,1:2:3,50.2,72.0234,-63.4224,15,20.01,23.03,5.32,SIMACTIVATE
2045,1:2:3,1284,f,TEST,50.2,20,N,N,24.1,68.1,4.8,1:2:3,50.2,72.0234,-63.4224,15,20.01,23.03,5.32,SIMACTIVATE
2045,1:2:3,1285,f,TEST,50.2,20,N,N,24.1,68.1,4.8,1:2:3,50.2,72.0234,-63.4224,15,20.01,23.03,5.32,SIMACTIVATE
2045,1:2:3,1286,f,TEST,50.2,20,N,N,24.1,68.1,4.8,1:2:3,50.2,72.0234,-63.4224,15,20.01,23.03,5.32,SIMACTIVATE
2045,1:2:3,1287,f,TEST,50.2,20,N,N,24.1,68.1,4.8,1:2:3,50.2,72.0234,-63.4224,15,20.01,23.03,5.32,SIMACTIVATE
2045,1:2:3,1288,f,TEST,50.2,20,N,N,24.1,68.1,4.8,1:2:3,50.2,72.0234,-63.4224,15,20.01,23.03,5.32,SIMACTIVATE
2045,1:2:3,1289,f,TEST,50.2,20,N,N,24.1,68.1,4.8,1:2:3,50.2,72.0234,-63.4224,15,20.01,23.03,5.32,SIMACTIVATE
2045,1:2:3,1290,f,TEST,50.2,20,N,N,24.1,68.1,4.8,1:2:3,50.2,72.0234,-63.4224,15,20.01,23.03,5.32,SIMACTIVATE
2045,1:2:3,1291,f,TEST,50.2,20,N,N,24.1,68.1,4.8,1:2:3,50.2,72.0234,-63.4224,15,20.01,23.03,5.32,SIMACTIVATE
2045,1:2:3,1292,f,TEST,50.2,20,N,N,24.1,68.1,4.8,1:2:3,50.2,72.0234,-63.4224,15,20.01,23.03,5.32,SIMACTIVATE
2045,1:2:3,1293,f,TEST,50.2,20,N,N,24.1,68.1,4.8,1:2:3,50.2,72.0234,-63.4224,15,20.01,23.03,5.32,SIMACTIVATE
2045,1:2:3,1294,f,TEST,50.2,20,N,N,24.1,68.1,4.8,1:2:3,50.2,72.0234,-63.4224,15,20.01,23.03,5.32,SIMACTIVATE
2045,1:2:3,1295,f,TEST,50.2,20,N,N,24.1,68.1,4.8,1:2:3,50.2,72.0234,-63.4224,15,20.01,23.03,5.32,SIMACTIVATE
2045,1:2:3,1296,f,TEST,50.2,20,N,N,24.1,68.1,4.8,1:2:3,50.2,72.0234,-63.4224,15,20.01,23.03,5.32,SIMACTIVATE
2045,1:2:3,1297,f,TEST,50.2,20,N,N,24.1,68.1,4.8,1:2:3,50.2,72.0234,-63.4224,15,20.01,23.03,5.32,SIMACTIVATE
2045,1:2:3,1298,f,TEST,50.2,20,N,N,24.1,68.1,4.8,1:2:3,50.2,72.0234,-63.4224,15,20.01,23.03,5.32,SIMACTIVATE
2045,1:2:3,1299,f,TEST,50.2,20,N,N,24.1,68.1,4.8,1:2:3,50.2,72.0234,-63.4224,15,20.01,23.03,5.32,SIMACTIVATE
2045,1:2:3,2065,f,TEST,50.2,20,N,N,24.1,68.1,4.8,1:2:3,50.2,72.0234,-63.4224,15,20.01,23.03,5.32,SIMACTIVATE
2045,1:2:3,2066,f,TEST,50.2,20,N,N,24.1,68.1,4.8,1:2:3,50.2,72.0234,-63.4224,15,20.01,23.03,5.32,SIMACTIVATE
2045,1:2:3,2067,f,TEST,50.2,20,N,N,24.1,68.1,4.8,1:2:3,50.2,72.0234,-63.4224,15,20.01,23.03,5.32,SIMACTIVATE
2045,1:2:3,2068,f,TEST,50.2,20,N,N,24.1,68.1,4.8,1:2:3,50.2,72.0234,-63.4224,15,20.01,23.03,5.32,SIMACTIVATE
2045,1:2:3,2069,f,TEST,50.2,20,N,N,24.1,68.1,4.8,1:2:3,50.2,72.0234,-63.4224,15,20.01,23.03,5.32,SIMACTIVATE
2045,1:2:3,2070,f,TEST,50.2,20,N,N,24.1,68.1,4.8,1:2:3,50.2,72.0234,-63.4224,15,20.01,23.03,5.32,SIMACTIVATE
2045,1:2:3,2071,f,TEST,50.2,20,N,N,24.1,68.1,4.8,1:2:3,50.2,72.0234,-63.4224,15,20.01,23.03,5.32,SIMACTIVATE
2045,1:2:3,2072,f,TEST,50.2,20,N,N,24.1,68.1,4.8,1:2:3,50.2,72.0234,-63.4224,15,20.01,23.03,5.32,SIMACTIVATE
2045,1:2:3,2073,f,TEST,50.2,20,N,N,24.1,68.1,4.8,1:2:3,50.2,72.0234,-63.4224,15,20.01,23.03,5.32,SIMACTIVATE
2045,1:2:3,2074,f,TEST,50.2,20,N,N,24.1,68.1,4.8,1:2:3,50.2,72.0234,-63.4224,15,20.01,23.03,5.32,SIMACTIVATE
2045,1:2:3,2075,f,TEST,50.2,20,N,N,24.1,68.1,4.8,1:2:3,50.2,72.0234,-63.4224,15,20.01,23.03,5.32,SIMACTIVATE
2045,1:2:3,2076,f,TEST,50.2,20,N,N,24.1,68.1,4.8,1:2:3,50.2,72.0234,-63.4224,15,20.01,23.03,5.32,SIMACTIVATE
2045,1:2:3,2077,f,TEST,50.2,20,N,N,24.1,68.1,4.8,1:2:3,50.2,72.0234,-63.4224,15,20.01,23.03,5.32,SIMACTIVATE
2045,1:2:3,2078,f,TEST,50.2,20,N,N,24.1,68.1,4.8,1:2:3,50.2,72.0234,-63.4224,15,20.01,23.03,5.32,SIMACTIVATE
2045,1:2:3,2079,f,TEST,50.2,20,N,N,24.1,68.1,4.8,1:2:3,50.2,72.0234,-63.4224,15,20.01,23.03,5.32,SIMACTIVATE
